id,label
880,10
4676,57
12275,148
14647,177
13101,159
1742,19
13611,165
13165,160
8792,107
1219,16
13661,165
1778,21
14517,176
977,21
13588,165
2813,34
13118,159
2866,34
812,10
14203,172
4310,53
15454,186
6750,83
1524,18
11573,140
2707,33
9096,110
12347,149
4446,55
2619,28
8686,106
6393,78
3912,48
5991,53
10572,127
13623,165
9552,116
15162,183
2431,29
10476,126
3161,38
376,4
227,2
566,2
5572,68
9227,112
15106,183
1348,16
16014,193
15855,192
5588,74
13202,160
14117,171
7661,93
7391,89
8077,98
5310,65
8219,100
7181,165
13252,161
10579,127
13260,161
4014,49
4422,54
131,1
13614,165
3861,47
5764,71
2027,24
7363,86
422,5
6121,75
1859,65
7636,93
9915,120
13269,161
14707,178
13739,140
2763,33
11645,141
9481,115
12654,153
8498,103
7099,86
5135,63
9002,109
7010,85
8807,107
8558,104
11024,133
233,1
12368,150
9308,113
10735,129
4331,73
761,9
1159,14
7203,87
11352,137
8406,103
5495,67
14676,178
6210,76
11134,134
15823,191
5742,63
10469,126
8302,101
14198,172
16133,195
4164,51
5551,74
43,0
11616,141
3033,37
7191,165
13172,160
7056,86
10946,132
16003,193
13570,163
13808,167
14832,179
2282,127
4983,61
11182,116
1766,21
6597,80
16103,194
5641,69
2926,30
14902,180
12574,152
10377,125
1807,22
13441,25
5200,64
1349,16
12192,147
13646,165
6787,82
2914,35
12155,148
6473,79
5910,72
7420,90
2779,33
2834,34
3807,47
6074,74
6902,84
11360,137
7990,97
4537,55
9281,112
12910,156
15534,188
15463,187
6305,77
9162,111
296,3
13691,166
3279,40
15146,183
3290,40
6441,78
9661,117
5956,73
4080,51
1582,19
1296,15
325,4
7364,90
4603,56
9908,120
6409,91
2317,28
13183,160
14540,176
11112,155
13452,163
7851,95
8735,106
11838,143
11262,136
2898,101
2125,26
6864,83
1433,17
281,3
13096,159
5649,69
11004,57
2296,128
10186,122
1072,18
11604,140
3072,37
5651,69
2792,34
6167,75
5228,64
7069,86
12446,150
16062,194
3371,41
1793,21
4875,59
15058,182
3084,37
10169,122
11374,137
14136,15
8530,104
5248,61
15391,186
13136,159
8528,104
4845,59
4715,57
10960,132
8715,95
11078,134
3223,39
12185,147
7429,90
6583,80
10099,122
6135,75
15530,188
1390,17
11682,142
5885,66
15282,185
7219,88
8462,103
3739,46
2762,33
11921,144
4576,56
6863,83
10261,123
11594,140
9050,110
4758,58
931,11
12476,151
6640,81
11146,134
2324,28
2940,35
6631,81
2528,30
4059,164
6198,76
6723,82
10134,122
3966,49
13540,164
15537,188
14929,62
14332,173
11067,133
8864,108
6432,78
5806,160
11664,141
14145,171
7577,92
8125,99
15837,191
8709,106
9390,114
6093,74
13758,166
4757,58
15628,189
9284,112
7707,94
14558,176
7753,94
13881,168
3140,38
10584,128
12117,147
14785,179
5972,68
2067,25
13989,169
5655,69
3803,46
7323,89
331,66
5923,72
6283,77
5777,71
10320,124
11121,134
7911,96
11827,143
15473,187
15778,191
3174,38
583,7
4775,58
8226,100
11915,144
12546,152
12324,150
13481,163
3883,47
6200,187
6694,81
10978,132
14898,180
14180,171
14854,180
2104,25
10661,128
9345,113
15690,190
10493,126
15517,188
10521,127
15838,191
6662,81
1922,23
8365,102
8085,98
7516,91
256,3
7712,94
6989,85
15567,188
14076,170
9672,117
6322,77
15124,183
13915,168
11201,135
716,8
9807,119
5034,119
16078,194
9773,118
435,170
12648,153
9745,118
9282,112
11143,167
2600,31
5236,52
3207,39
12456,151
7271,88
15709,190
5485,67
9701,117
8593,105
9698,117
4492,55
8832,107
1412,17
6495,79
12833,155
15217,184
11684,142
10586,127
707,8
6359,78
7607,92
5848,72
11686,142
15946,193
1947,23
11034,133
5438,66
12596,152
15649,189
2589,31
12263,148
339,4
4283,52
2181,26
1896,23
3799,46
11178,135
10819,130
14720,178
10015,121
14475,175
4131,50
11364,137
5452,67
4767,58
8036,97
13328,161
6376,78
5483,67
8426,103
13029,158
8545,104
2760,33
7083,86
7223,88
4027,49
11135,134
2361,25
7527,91
6732,82
15080,182
4419,56
3176,38
10183,122
12269,147
3333,41
4847,59
3024,36
6872,83
15306,185
7378,89
1848,22
6227,26
10691,129
14282,77
3277,40
13749,166
875,10
749,9
6235,76
2175,26
10917,131
13769,167
2031,24
9475,115
15689,190
979,12
8080,98
12315,149
108,4
10355,125
156,2
15099,183
14790,179
3308,40
2503,30
9575,116
6304,77
2929,35
4250,52
7977,97
12604,152
11321,137
387,4
1601,19
7531,91
7507,91
13972,169
11944,145
2651,32
5948,73
3555,42
3481,41
11721,142
11950,145
13238,160
14346,173
11365,6
1640,20
12271,148
3118,38
9291,113
4097,50
4036,49
13493,164
660,7
7580,92
7764,94
15558,188
13903,168
6060,74
2016,24
5075,62
14373,176
13584,87
2294,37
15922,192
8154,99
12674,153
15990,193
9621,116
11392,138
2981,36
8011,97
8659,105
1465,18
5397,66
4228,52
11798,143
15331,66
7118,90
6498,79
10453,126
15139,183
4950,60
4669,57
14387,174
10404,125
3757,46
4989,61
519,6
2969,67
12348,149
8882,108
12184,147
7194,165
6781,82
13998,133
6565,80
11181,135
4649,57
8117,99
82,0
9553,187
15347,186
3753,46
3691,45
13012,158
2462,30
3429,42
1359,16
1907,23
4175,51
15440,187
15697,190
10766,130
9809,119
1507,18
15945,193
10292,124
6719,83
13508,164
8320,102
14362,175
5142,63
15490,187
4154,51
4158,51
89,0
14348,173
9966,121
7835,95
6399,78
13619,165
9735,118
3968,49
8868,108
5482,67
10314,124
13844,168
7979,97
1993,24
7752,146
1774,21
12120,17
2799,34
3618,44
2120,25
3609,44
5047,62
2606,31
204,1
14303,173
533,6
14968,181
229,2
11791,143
1398,17
8118,99
13093,159
13680,166
9902,120
7018,85
5114,62
15750,190
11761,143
6440,78
10508,126
19,0
7490,91
13325,161
3849,47
8469,103
11342,137
10760,130
2581,31
14343,173
11988,145
2962,36
5447,67
8008,97
16123,195
8861,108
8286,101
13506,163
8860,108
77,0
16013,193
3528,43
12644,153
13821,167
311,3
661,7
13163,160
15076,182
14890,180
190,2
12868,156
14247,172
13432,163
2313,28
14984,181
15494,187
8885,108
2475,30
15792,191
5402,66
399,135
7259,88
4173,51
936,11
6876,84
6419,78
1739,21
11314,137
12322,149
3917,48
4862,59
10820,130
6231,76
1630,19
3311,40
333,4
4112,50
7910,96
12950,157
3264,176
631,7
9061,110
5246,64
4073,78
10511,126
15062,182
6962,85
8975,109
3113,38
12958,157
11589,140
15406,186
9763,118
6920,84
94,1
1174,14
697,8
13298,161
914,20
1475,18
1372,16
10204,123
8874,108
7762,94
6512,79
6770,82
6334,77
8423,102
6819,82
4567,56
12160,147
8443,103
15813,191
11485,139
13944,169
556,6
9758,118
4493,55
11814,8
2413,29
1270,16
2527,35
1473,13
1499,18
271,3
13655,165
10697,129
10072,118
7888,96
10014,121
5423,66
12619,153
15564,188
10159,122
1456,81
11662,141
2833,34
5981,73
13535,164
4990,119
14384,174
2073,25
15497,187
4462,54
14424,175
5019,61
11225,136
11066,135
1734,21
1187,14
9090,110
12394,150
5069,62
15763,191
11433,138
6805,82
795,9
3334,41
13961,169
13545,164
14930,181
2284,28
11098,134
3514,43
1544,18
11184,130
5001,61
3857,47
13367,162
8590,105
14114,171
4780,58
3246,39
10310,123
13607,77
439,160
1776,21
9501,115
12115,147
7167,87
1500,24
6162,75
10115,122
5326,55
6115,75
2186,26
10582,127
2491,160
49,0
2350,28
10285,124
13446,163
2137,26
2392,29
12471,151
15109,183
2456,30
13707,166
11139,134
1652,20
10695,129
14108,171
9840,119
15133,183
13492,161
9278,112
8954,109
8000,97
8856,108
16063,194
11674,141
7756,94
11458,138
3695,45
523,6
12325,149
14126,171
14323,173
9690,117
13760,167
12732,154
10071,118
839,10
2100,25
12568,152
5111,62
5399,66
6469,79
2641,32
5890,72
3718,45
3882,47
1763,21
2201,27
4507,55
1876,13
7426,90
8642,105
7009,86
15544,188
6961,84
8748,106
8343,102
14843,180
4105,50
11063,133
10211,123
14528,176
8891,108
12410,150
8983,109
12465,151
15829,191
1836,23
1805,21
13427,161
14220,172
6228,76
10627,126
5740,63
8884,108
14015,170
3409,42
13970,169
9257,112
12767,154
2145,26
13356,162
13381,162
5404,66
11862,144
855,8
16027,194
10033,118
1347,16
13935,169
8111,99
5158,63
6848,83
12404,150
2074,25
8819,107
4814,59
10971,132
15783,78
4858,169
6954,84
1726,21
15210,184
14684,179
13150,160
14482,175
6758,82
8439,103
4091,50
4652,57
2814,34
9467,115
1491,13
13250,161
5466,67
5901,72
11975,145
14848,114
12595,152
6499,79
14105,171
4763,58
11207,135
14002,169
15370,186
6531,80
6364,78
9276,112
11655,141
378,2
5329,65
1574,19
7949,96
8836,107
6587,80
2597,31
1696,20
5678,69
14729,178
4571,56
10902,131
13400,162
9078,110
674,8
95,4
14687,178
11775,143
12562,152
6881,84
2677,32
1399,17
11482,139
7975,97
7861,184
15594,189
12392,150
15985,193
6837,83
11417,138
8536,104
10391,125
15803,191
6041,74
6070,53
15971,193
4520,55
12124,147
4332,53
2768,28
13384,162
3027,36
15427,187
10078,118
4942,60
1561,19
11907,144
2975,36
15613,189
4954,71
14875,180
3162,38
8976,109
5037,64
15376,186
16115,195
15614,189
12369,150
3890,48
10373,125
10725,129
8909,108
9659,117
11376,138
13052,158
3543,42
13993,169
8827,107
10838,57
9228,112
4165,51
9117,111
16070,194
1394,91
12088,146
8028,97
13387,162
6171,75
2756,33
10962,132
4881,59
11939,145
14579,176
7330,89
4330,53
5842,72
4441,54
7627,93
567,6
14909,180
8256,100
5446,67
8463,103
10011,121
2153,26
2193,26
6462,79
6592,80
8153,99
15393,186
6483,79
14097,170
3795,46
11587,140
10276,124
6165,75
14611,177
6724,82
6472,79
7903,173
11337,128
8106,98
4488,55
441,65
6310,77
13559,163
10430,125
6763,82
13295,163
8986,109
2497,30
10282,123
8342,103
7078,86
11490,186
12623,153
3054,37
14695,178
1306,16
2070,25
785,9
9940,120
5606,69
11892,144
9192,111
7095,86
5652,69
15265,185
3066,37
14450,175
9225,112
1933,23
9249,112
5604,69
7887,96
8996,109
5724,70
10664,128
2441,29
8197,100
8998,109
10018,121
11488,139
5364,66
11406,138
13574,164
5227,64
13531,164
10076,118
3370,42
12396,150
1682,20
12331,149
13316,161
12947,157
14007,169
3981,49
10852,131
15870,161
12040,146
11858,144
11199,139
2180,37
7852,95
9573,116
11299,137
3982,49
13370,162
763,9
312,3
8900,108
917,11
1598,19
10756,130
2817,34
12444,150
10647,128
4543,54
5434,66
5879,72
12029,146
57,0
11022,133
1968,23
1074,24
3002,36
5810,71
3439,42
2524,28
7663,189
6584,80
2490,30
7641,93
14132,171
4903,60
6711,82
3043,37
15045,182
6029,68
9480,115
2098,25
15896,192
8161,99
2011,24
9991,121
10730,129
2877,30
11797,143
13347,162
12214,148
6779,83
8540,104
3955,48
10182,122
3046,37
3567,43
3540,43
3220,39
4838,59
10238,123
8999,109
14088,170
290,3
4801,58
8071,98
13555,164
9143,111
963,12
3449,42
9167,111
4945,60
4302,52
14784,63
10352,125
103,4
8033,97
6577,80
13113,159
2172,26
12690,153
1040,12
11870,144
198,2
2226,27
4301,52
4480,55
6605,80
16002,193
1970,23
7701,93
2227,27
2416,29
3852,47
10463,126
4222,52
10788,130
12974,164
13954,169
413,5
4525,55
16049,194
10721,129
9156,111
1169,14
12533,152
12188,147
11060,133
4202,51
7967,97
5295,65
402,4
5065,62
3445,38
4894,60
226,2
2700,33
13352,162
5418,66
1064,13
11658,141
3586,44
14339,61
2553,32
13685,166
1164,14
6398,78
12725,154
15925,192
13217,160
13389,162
2843,34
13782,167
6003,53
7074,86
8889,108
4632,57
3953,48
7535,91
1615,19
12601,152
2880,35
7982,97
5921,72
5285,65
5498,67
15212,184
11425,138
11957,145
10245,123
3868,47
14199,172
14335,173
6083,74
12701,154
2805,34
8650,105
4268,52
14967,181
6058,74
3224,39
8687,106
11520,134
12289,149
10307,124
10720,129
11659,141
3411,42
1721,20
3736,48
7396,90
7164,87
7147,87
2504,30
10866,131
1175,14
13603,165
16114,195
4346,53
735,8
13992,169
4578,56
607,7
837,10
9074,110
9494,115
3576,40
11694,142
8903,108
2601,177
13401,162
11991,145
9319,74
15799,191
2767,33
14590,177
6220,76
8128,99
8908,108
4590,56
12373,150
7372,89
11789,143
13622,165
7914,96
511,6
1373,16
15251,185
3919,48
14728,178
12929,181
2740,33
594,8
9168,111
15976,193
10536,127
8347,102
9522,115
10568,127
2056,25
10239,124
5078,62
13527,164
3972,49
181,2
4387,54
4711,57
2917,30
13587,165
9202,112
12733,154
13876,168
5117,62
8093,98
1035,12
10017,121
5403,66
8058,98
4413,54
8539,104
5211,64
15835,191
8327,101
10365,125
5038,61
7859,95
2021,24
12014,145
13230,160
7232,88
2947,33
7053,86
105,1
10899,131
1151,14
9071,110
13910,168
14891,155
9502,115
1635,19
3921,48
13232,160
15401,186
1680,20
309,3
13543,164
1806,21
2565,31
15242,184
6933,84
3731,44
4919,60
9158,111
12762,154
3098,37
11269,136
9094,110
12168,147
12142,147
9430,62
5949,90
2999,36
2287,28
8603,105
16175,195
15907,192
474,5
14244,55
4129,50
8176,99
2173,26
3648,45
14991,181
1176,14
8465,100
2731,33
15386,186
5687,70
5524,68
13726,181
3075,37
5805,71
4500,55
15286,185
12835,155
4270,52
6248,76
3867,47
5718,70
6716,83
1354,16
7505,91
5571,69
12152,147
10502,125
1705,12
3479,41
3906,48
15003,181
15187,184
9443,114
4969,61
15656,189
8977,109
6865,82
12283,148
15997,193
8910,108
9269,112
14104,114
4731,58
12559,152
10851,131
12849,155
15116,189
6234,76
5170,70
9750,70
14155,171
6148,75
4604,56
10437,126
6622,84
10919,131
8141,99
8651,105
294,3
11457,138
12310,149
7559,92
2692,32
14911,180
6869,83
15789,191
15465,187
11333,137
9292,113
5979,69
15332,186
14835,179
1080,18
12894,156
2367,29
3996,49
2480,30
13863,168
11749,142
8090,98
10177,122
1469,18
899,11
11615,141
8172,99
10492,126
152,1
9639,117
14469,175
990,12
15889,192
11173,135
9924,120
13393,162
3923,48
15151,183
9549,116
11491,139
16005,193
6774,83
15165,183
12344,149
3114,38
5900,72
11140,134
3192,39
13081,159
15735,190
2532,31
14483,175
13240,160
491,5
1804,21
1235,15
3250,17
9204,112
2492,71
2872,35
3251,39
8499,103
513,157
14807,179
4828,59
9713,118
11430,138
11864,144
10303,124
2143,26
5386,66
12416,150
10210,124
16081,194
3335,41
9845,119
9359,113
6194,76
6958,84
5098,62
9533,115
12877,44
16025,194
7267,88
11409,138
3502,43
1044,13
4615,56
14734,178
6712,82
7595,92
1304,15
14966,181
2650,32
379,4
7296,88
5564,74
7014,85
15913,192
15516,188
15093,183
12148,147
6247,76
3878,47
12550,152
13388,162
9836,119
5264,64
13139,159
766,9
1198,14
6813,82
13198,160
10368,125
13636,165
14511,176
13509,164
6746,82
15138,183
1229,15
12231,148
2769,33
14751,178
14265,172
668,8
1030,12
1459,17
1957,23
5778,71
15369,186
12840,155
10829,130
4958,60
10638,128
15330,186
5151,70
9116,38
1708,20
9364,113
14778,179
10784,130
14185,171
1823,22
15434,187
15933,193
1244,15
3285,40
14779,179
8002,97
9506,115
9577,116
483,5
2685,31
15351,128
9525,115
11170,135
2984,36
1214,15
2185,26
16011,193
11027,184
1008,21
2140,26
14372,174
3297,40
10114,122
392,4
15309,61
7651,93
8250,100
13270,161
3073,37
12556,152
2394,29
182,2
4108,50
8025,97
4573,106
9767,118
11413,138
8391,102
7220,88
865,10
9180,111
8361,102
12197,147
5067,62
7218,88
2128,26
11263,136
7523,91
7448,90
5666,69
12452,151
14836,21
2965,36
3712,45
13256,161
8050,97
1098,18
2921,35
2569,31
23,0
8684,106
10413,125
11282,136
2096,25
15960,193
9387,114
2117,25
15164,183
2391,25
1659,21
11231,1
11012,133
14983,181
8156,99
8624,112
5768,71
14797,179
13264,161
9137,111
6145,94
7658,147
1259,160
5271,64
7876,95
10548,127
15701,190
4483,55
3616,44
13929,169
3962,48
8251,100
6966,85
5026,61
11355,137
4794,58
2358,28
7853,95
15152,183
4281,52
5349,65
7109,86
8366,103
6002,73
6556,80
14570,176
13459,163
10727,129
13837,167
3387,42
6085,74
14073,170
3569,43
4017,49
13027,158
3310,40
12429,149
3900,48
9720,118
4955,60
1109,13
6084,74
3534,43
12688,153
4956,60
16001,193
12118,147
11431,138
2588,31
11461,139
9912,120
2591,31
8284,101
13714,5
11925,144
221,2
7376,89
7105,86
6800,82
3864,47
6442,78
712,8
946,11
8257,129
4087,50
15464,187
610,7
5632,69
10362,189
8148,99
8243,100
4921,60
12983,157
15258,185
6513,79
11630,141
4443,54
14918,181
15430,187
13625,165
9193,111
15595,189
10449,126
2229,27
13798,167
6156,75
15126,183
15010,182
5080,62
1329,15
12988,158
14680,178
4420,54
2122,25
15597,189
11758,143
5104,62
14366,174
12670,153
13442,163
12696,154
2425,17
5021,61
1292,15
15624,189
8717,106
5542,74
5028,61
7383,89
2884,30
7922,96
3551,43
11732,144
13392,162
13323,161
7158,165
13454,163
2575,31
26,0
7407,90
10325,124
5002,61
8489,103
10649,128
15559,188
8078,98
6734,83
4760,58
9675,188
7245,88
5547,74
5707,118
10347,124
1227,15
9936,120
3417,42
3357,41
14643,177
3284,40
11463,137
10290,124
9028,110
15341,186
10523,128
593,7
6829,83
1531,18
8781,107
12896,156
6585,80
4817,59
1741,21
14712,178
3697,45
13115,159
11319,137
5846,72
11631,141
5235,52
9187,111
9554,116
2288,28
3168,38
13547,136
2529,30
8309,101
2856,34
8810,107
7898,96
16169,195
7969,71
6550,80
10648,128
336,4
10979,132
3793,46
243,3
3425,42
15231,184
9888,120
12292,44
3651,45
5925,128
5232,64
4752,58
9323,113
4761,58
3440,42
15856,192
12978,157
1055,13
1148,14
4918,60
14174,171
14434,175
813,10
15563,188
4038,49
13334,162
8191,100
9818,117
6383,78
2640,32
13933,169
5688,63
7614,96
6887,84
6790,82
4820,59
7400,90
1502,18
2360,25
10229,123
2915,35
9705,117
8662,105
3360,42
166,2
8244,100
10135,122
9171,111
14360,176
11562,140
15877,192
13950,169
15053,182
3256,39
15797,191
7341,89
2801,34
9649,117
459,5
940,21
3766,46
11547,140
11541,139
2187,33
13818,167
11166,133
8568,104
552,6
4273,52
9518,115
2862,34
14963,138
8544,104
12103,146
6273,77
1528,18
10390,125
9222,112
9275,112
8018,162
13177,160
2803,34
461,5
13671,22
6087,74
3777,46
9397,114
6575,80
4113,50
14161,171
7973,97
8615,69
3806,47
13320,161
12861,156
13770,167
13039,158
3496,43
8162,99
5505,67
3231,39
7057,69
10702,129
12893,156
4459,54
5272,64
12357,149
4605,56
13684,5
6266,76
9006,109
14395,174
12307,149
2829,34
9600,116
14440,176
10418,125
10802,130
11608,140
10846,131
3450,42
8773,107
11702,142
8830,107
623,7
15832,191
994,21
6680,81
5406,66
14864,180
13784,167
12675,153
12299,149
15290,185
4659,57
7002,85
1315,16
9149,111
844,10
7044,86
2383,29
4670,57
5055,62
12587,152
14678,179
4384,53
4611,56
9097,110
12901,92
11998,145
9998,121
3769,46
5875,72
2896,35
15435,187
8991,109
11064,133
3840,142
8207,100
317,3
11088,134
5464,67
10550,127
5207,64
12959,157
8823,107
1664,20
13271,161
4432,54
9853,119
8263,101
7206,87
5286,65
9356,64
7207,165
7646,93
1540,18
12743,154
678,7
6883,84
8311,101
9857,119
596,8
13712,166
2176,26
1341,15
7892,96
8570,104
4519,55
3633,44
1534,18
1133,32
12262,148
1938,23
1655,20
13051,158
14662,177
13675,166
3745,46
10178,122
4486,56
13525,164
9614,116
63,0
4464,55
12730,154
1330,15
9340,113
15751,190
15220,184
13169,160
1917,19
6397,78
10142,122
5766,71
16045,194
11691,142
8973,109
3460,42
13041,158
9561,116
2440,29
10833,130
14429,175
14186,171
656,8
12278,148
12627,153
764,9
5719,63
1167,14
15585,189
1543,18
6595,80
13504,164
14591,177
7189,165
13391,162
12267,148
5560,68
9986,121
600,7
4982,61
7121,86
5691,118
6488,79
13723,166
9935,120
13925,169
15094,183
13426,14
3688,45
15319,185
288,3
2518,35
14993,181
4048,50
4708,57
8942,109
15679,190
11288,136
16140,195
13091,159
13765,167
15353,186
6114,75
12353,149
2308,28
14409,174
13174,160
11567,140
1405,17
8113,122
2374,29
11226,136
14018,170
12180,147
8765,107
13077,159
4795,58
700,8
3647,44
14636,177
4031,49
15083,182
3608,44
9248,112
12916,156
14725,156
2221,27
3550,43
14478,175
13641,165
2741,33
14764,179
10897,131
6276,77
11918,144
2501,30
444,5
8373,102
6534,80
3331,40
10585,127
10987,132
15964,193
8829,107
14446,175
1979,24
4585,56
1796,21
15819,191
150,2
3355,41
13490,163
1666,20
13633,165
8922,108
211,2
4957,60
3150,38
15710,190
8180,100
4378,53
12785,155
14622,177
12809,155
1400,17
9557,116
6561,80
5929,73
2631,32
3671,44
7691,93
14181,171
545,6
13997,169
4184,51
13563,164
8344,102
15161,183
7794,94
1467,18
12665,153
9042,110
5,0
14064,170
1124,13
179,2
10605,128
6455,79
7664,93
9564,116
14787,179
7871,95
4401,54
5586,68
8253,100
15519,188
991,12
14504,176
16108,195
3902,48
4987,61
11828,143
10719,129
15684,190
11526,139
5933,53
1452,16
3504,43
7635,93
16131,195
3944,48
1474,18
15323,185
7487,91
15180,184
6255,76
6436,78
5305,65
8431,103
11456,138
1989,24
981,12
7445,90
1037,12
4309,73
2053,24
8435,103
13887,168
13002,158
2444,30
15555,188
6727,82
7525,91
14135,171
1073,18
13956,169
5800,71
14109,171
7222,88
10900,131
12694,154
421,5
1463,17
11843,143
13795,167
8858,108
6295,77
5845,60
14350,173
1799,21
16172,195
15635,189
4892,60
9079,110
4363,53
16056,194
11841,143
4451,55
3324,40
5258,52
2332,28
10909,131
15215,184
4891,60
9658,117
4353,64
12824,155
5304,65
10216,123
1523,13
3970,49
1160,14
14510,175
11762,143
2659,32
4248,52
5058,62
1311,16
4889,60
1089,13
3028,36
3063,37
9654,117
15830,191
8158,99
12389,150
8451,103
8682,106
5354,65
4360,53
1944,23
1302,16
10538,127
9014,109
10407,125
2299,28
14479,175
6707,81
2452,30
15149,183
1093,18
4946,60
3044,37
886,11
8898,108
14447,175
10144,122
8453,103
5493,67
14732,152
2432,29
11437,138
7926,96
7170,87
13437,163
12934,157
4593,56
1479,18
9509,115
5816,71
11096,134
10818,147
1928,23
1558,19
10934,132
14463,175
14742,178
4696,57
11305,137
9920,120
3296,40
5725,70
15584,189
7250,88
13703,166
15722,190
7125,86
7263,88
7672,93
7195,87
5690,70
6845,83
11518,139
16176,195
8318,101
6173,75
2611,31
4139,51
9035,110
8221,100
4196,51
6882,84
11229,136
9764,118
1401,17
15963,17
5892,72
12274,148
520,6
8500,103
5643,52
11473,139
10462,126
40,0
11019,133
15872,192
1303,16
2804,34
1232,16
9671,117
4612,54
10491,126
6078,74
5937,68
12340,149
9823,119
8871,108
9965,121
13834,167
8410,102
14708,178
12141,147
2080,25
10798,177
12359,149
11275,136
8664,105
2865,34
3911,48
10556,128
12807,155
6657,81
5653,69
1458,17
5278,64
1948,23
1273,15
4718,57
2671,32
13421,163
9801,119
14353,77
10847,131
1092,24
14933,181
796,9
8421,103
10022,121
692,8
3711,45
15850,192
9743,118
11367,137
2911,35
10031,63
3365,41
7097,86
7052,86
10291,124
13073,159
13901,168
14717,178
13045,158
13322,163
14352,173
15899,22
1756,12
7035,85
1261,193
12523,152
14415,174
3715,45
15001,181
4274,52
9416,114
16181,195
6530,80
12581,152
5269,64
11565,140
2224,27
2205,27
966,12
6930,84
13719,166
14578,175
2196,27
3845,47
2488,30
7955,96
168,2
15771,191
7343,89
6179,75
8393,102
13514,164
2417,29
895,11
15278,185
6634,81
9111,111
11539,139
11835,143
466,5
1142,14
10990,132
15485,187
15491,187
15821,191
7239,88
14379,174
11194,187
2399,29
3486,42
5159,63
10179,122
16155,195
1593,19
7558,92
9953,121
14337,173
1525,18
767,9
5370,66
9154,111
314,3
1186,41
11690,142
15356,128
8444,103
7034,85
501,6
11771,71
12377,150
14820,179
14917,181
2655,32
5351,65
10003,121
14280,173
11704,142
1624,19
8210,100
13838,167
10187,123
1004,21
12401,150
9771,118
7329,89
11919,144
4434,54
4609,56
426,5
4943,60
3791,46
15371,186
15607,189
7638,93
1108,13
7403,90
2106,25
10786,57
3382,41
3102,37
1868,23
14138,171
4908,60
3579,43
10069,118
7282,88
5469,67
14364,174
3544,43
13825,167
4021,49
1717,20
13507,164
8741,106
3603,44
6170,75
13366,162
9878,120
15293,185
4374,73
15839,191
11941,145
5965,73
9742,118
8482,102
6766,82
7919,96
10926,132
11643,141
7464,96
1620,21
3243,39
570,6
14208,172
8456,102
5954,73
6460,79
6908,84
7710,94
13591,165
14147,171
10646,128
12617,153
9787,119
10220,123
5497,67
14741,178
11951,145
730,8
6816,83
1607,19
13875,168
14827,178
1789,21
6271,76
2526,30
16156,195
6342,77
13305,161
6697,17
1423,16
15418,187
16077,194
7409,89
2228,27
3577,43
15696,190
10383,125
15931,193
736,8
6932,84
3624,44
14183,171
2876,35
571,6
1407,190
14943,181
11047,133
1878,81
16094,194
11895,17
11462,139
11637,141
2624,32
7059,86
7631,93
8212,100
1096,13
3720,45
3040,37
3401,42
11980,145
6207,76
8923,108
14904,114
8317,101
1537,24
11942,145
14075,170
7162,87
10792,130
12336,149
6176,75
10349,124
16085,194
5328,65
3733,45
10332,124
13801,167
10748,129
14028,170
4227,52
14961,181
10801,130
3386,42
9209,112
11640,141
11025,133
14759,179
3897,48
6799,83
5809,71
15951,193
13466,163
7444,90
3299,40
4822,59
7519,91
8826,107
1090,13
13146,160
2372,29
7328,89
5738,63
12082,146
15736,190
7621,93
4226,52
3272,40
14245,172
15477,187
9703,117
10616,127
8801,107
9250,112
1442,17
15828,191
4536,55
8324,101
12818,155
12799,155
9539,115
15918,192
4901,60
9990,69
906,20
3281,40
4187,51
4874,59
2711,33
11073,133
8824,107
8625,105
4610,56
7485,91
8676,92
12780,155
3088,37
945,11
3253,39
14613,177
1576,19
1464,16
11834,143
1653,20
9004,109
13143,159
9485,115
11724,142
13731,166
4181,51
14618,177
13363,162
10542,127
6172,75
377,4
11563,140
915,11
15657,189
7597,92
10744,129
1897,23
1145,14
6875,84
7883,170
8683,106
7077,105
5276,64
10581,127
2770,33
14564,176
12159,147
15646,189
16122,195
11822,143
10156,122
1998,24
8641,105
14378,174
11530,139
170,2
15593,189
2974,36
2722,33
6838,83
3524,43
16051,194
61,0
814,10
10958,132
3416,42
9504,115
7746,94
7802,95
13358,162
11987,145
1974,23
13035,158
11309,137
5313,140
5383,66
15174,184
5366,66
11629,141
5628,69
11216,136
9063,110
14769,179
11192,135
367,4
11977,145
7386,90
5185,63
13344,162
10344,124
10085,118
7972,97
4569,56
13905,168
6294,77
2780,33
10155,122
1436,17
14374,174
6476,79
4723,58
4282,52
15378,186
11086,134
2414,29
8214,100
322,3
11766,143
12679,153
10534,127
7785,94
10563,127
8607,86
2314,28
6910,84
9697,117
14525,176
10824,130
5040,61
5872,72
6143,75
9479,115
97,1
13484,163
759,9
1720,20
11514,139
12973,157
10762,130
1189,14
9683,117
14178,171
2321,28
3926,48
10699,129
12787,155
10479,126
4400,54
5656,69
2401,29
14508,176
11885,144
153,1
15983,193
5191,64
10936,132
14634,177
9961,121
4149,51
10789,130
15065,182
14019,170
6967,85
4976,61
14973,181
13930,169
3216,176
16107,195
7585,92
11290,136
2697,32
8300,101
10945,132
10683,129
3572,43
157,2
10952,132
10529,127
9641,117
10287,124
3351,41
12003,145
15088,182
12653,153
4936,60
10443,126
15772,191
12154,147
6639,81
14772,179
2506,30
1706,20
741,8
8541,104
13378,162
12387,150
13872,168
4388,54
3541,43
11426,49
4705,57
3190,39
7457,90
2953,36
14951,181
14592,177
8694,106
3055,37
9619,116
9656,117
13284,161
5940,53
11880,144
10499,126
9157,111
5277,64
6414,78
2835,34
11397,138
12370,150
8849,107
10392,125
248,3
13799,167
14444,176
12812,155
5748,63
15852,192
4426,54
10123,122
15554,188
10425,125
4084,50
2478,30
375,4
4484,55
2930,35
13497,164
6203,76
4340,53
196,2
5580,68
2825,34
10908,131
4657,57
4929,60
7971,97
7226,88
11062,133
2808,34
7945,96
16050,194
10388,125
10136,122
11513,139
1177,14
9015,109
1363,16
7317,89
13499,164
1011,12
1875,22
3604,44
15448,187
11211,136
7260,88
2464,30
386,4
215,2
12842,155
2973,36
9588,116
102,4
6749,82
10235,123
7896,96
13398,162
12682,153
3344,41
11673,141
3922,48
7406,90
3177,38
2705,27
7096,86
14923,181
10777,130
5486,67
3003,36
11606,140
15777,191
1147,14
920,11
2188,26
1824,22
13764,167
8678,106
527,6
699,7
7120,86
5851,72
6948,84
14375,176
430,152
2571,31
1881,19
9841,119
14666,178
9926,120
3007,36
7072,86
15445,187
8643,105
5989,73
13310,161
13780,167
1240,16
4035,49
15825,191
3782,46
13135,159
12875,156
16042,194
3468,42
7829,95
15605,189
10454,126
10675,129
337,4
8746,106
15302,185
4808,58
4019,49
12953,157
7786,94
2170,26
4511,55
3238,39
4025,49
14275,173
4566,56
1275,17
744,7
10105,122
2923,35
2149,26
3619,44
10943,147
3204,39
15070,182
14567,176
8505,104
4209,51
1050,18
8795,107
13658,165
12692,154
7286,88
15057,182
3744,14
4825,59
12318,149
8326,101
5315,65
15754,190
10845,131
327,4
5967,73
13066,159
15919,192
15362,186
7161,87
12814,155
4521,55
12313,149
10832,130
14927,181
9693,117
1668,21
13522,164
13756,166
14862,180
5818,71
1548,19
8030,97
9508,115
13859,168
10293,124
643,58
4538,54
12791,155
210,2
3408,42
6158,75
7965,97
4333,53
4583,56
889,11
4319,53
14597,177
10274,124
14520,175
11404,189
9885,120
7514,91
11328,127
4509,55
14503,176
12426,150
1262,160
10597,128
8266,101
10527,127
10598,128
7334,89
11169,135
10729,129
11210,136
12685,153
10961,132
7401,90
6586,80
534,4
7212,165
13975,169
3462,43
6675,81
3552,43
5914,72
8135,99
8452,103
9599,116
3595,44
10215,124
2710,33
8310,101
8405,103
9210,112
6439,78
13184,160
3854,47
5085,62
8670,105
10029,118
13465,163
14806,178
12583,152
4811,59
7882,96
13394,162
13730,166
16061,194
3641,44
6063,121
1446,17
16129,195
2521,30
6378,78
7166,87
3558,43
9916,120
2759,33
2167,26
7040,113
14246,172
10118,122
14950,181
5130,118
4215,51
7371,89
3136,38
14074,170
7938,96
15036,182
3674,44
481,152
15875,192
12477,150
1994,181
9695,117
8920,108
1812,22
15281,185
5874,155
12722,154
11772,143
2931,35
12505,151
5004,119
4126,50
8305,101
13598,165
11830,143
11131,134
15680,190
2977,36
3905,48
10600,128
4325,53
5355,65
7421,90
3461,42
3952,48
3508,43
11714,142
16084,194
6243,77
5154,70
15033,182
12931,157
1422,17
12181,147
7998,167
11258,136
11301,137
2022,24
2192,26
14686,179
3606,44
14072,170
9730,118
3742,46
12614,153
12288,149
8415,102
673,8
1305,16
15159,180
9456,114
14701,178
13987,169
5710,118
10311,124
14823,179
5733,70
8473,103
14640,177
2544,31
4305,53
3443,41
784,9
2679,31
1529,18
14650,177
882,10
9104,110
5743,70
1941,22
15586,189
2032,18
5519,74
9568,116
10903,131
14179,171
6405,78
1440,17
10951,132
6517,79
5456,67
12569,152
992,12
8183,100
3059,101
8084,98
11742,142
5753,71
3273,40
13351,162
12817,155
3629,44
8956,109
12956,157
12305,149
7806,95
555,6
6633,81
1542,18
12963,157
10764,130
9357,113
7481,91
15006,181
13963,169
14255,163
13771,167
9114,111
8057,98
11481,139
6535,80
8,0
8074,98
5330,65
10541,127
11515,136
10356,125
10191,123
16076,194
930,11
3778,46
892,78
6384,78
2994,36
732,8
16142,99
2274,27
7060,86
12061,146
14756,179
4935,181
2874,35
8119,99
9247,112
8706,106
1626,19
9615,116
1335,17
2335,28
13743,166
14609,177
6323,77
8446,100
7832,95
13632,165
14420,175
12355,149
13694,166
13518,163
14830,179
7230,88
6351,78
8579,104
3232,39
1280,15
6563,80
7761,94
11125,134
4782,58
9317,113
7389,90
12671,153
14191,172
13974,169
10622,128
7734,94
4024,49
9407,134
14637,177
13501,164
1722,21
14539,40
1689,20
13205,160
12495,151
6140,75
6501,79
11544,140
9428,114
13913,168
1983,24
3298,40
941,11
2065,25
12698,154
9341,113
15254,185
942,11
1801,21
13884,168
6360,78
8151,189
7827,95
12738,154
9834,61
14551,176
1122,18
10959,132
14310,173
1714,20
13438,163
13272,161
14005,169
15179,184
9386,114
7179,165
7155,165
14535,175
4932,60
6742,82
9980,121
8531,104
4877,59
7546,92
5563,121
1504,24
11763,143
7402,90
6174,75
2988,36
5561,68
2298,33
14655,177
4049,50
6246,76
1535,18
9348,113
7692,93
12895,156
15805,191
12054,146
4318,53
7793,94
5126,62
14669,178
12864,156
11601,140
1541,13
3288,40
13006,158
12580,152
15643,189
13407,25
7643,93
6786,83
4427,54
15084,182
13778,167
6722,83
12784,155
9125,111
29,0
8438,103
9086,110
6683,81
6249,76
9694,117
10126,122
11161,135
1533,18
1627,19
5847,72
2608,31
2586,31
4104,50
13277,161
11817,143
7915,96
7869,95
8246,100
10004,121
9008,109
6977,85
9583,187
1447,17
7863,95
10354,125
6311,77
5657,69
9837,119
3511,43
10284,124
169,2
6650,81
13624,165
1984,24
15992,193
14397,174
3155,38
10874,131
5241,64
1157,14
11956,145
1972,23
10073,118
5902,72
9112,111
4622,56
5301,65
5828,71
3590,44
9231,112
15247,184
4,0
15313,185
3833,47
15551,188
15570,188
9135,111
8988,109
90,1
14355,173
11351,137
1980,24
8502,103
16032,194
14855,180
10397,125
5128,62
12345,149
3523,43
752,9
10888,131
10400,125
3761,46
13479,163
1707,11
1223,15
10823,130
9609,116
2647,33
12761,154
8831,107
7306,89
427,5
5103,62
14524,176
3210,39
15416,187
11432,138
16053,194
9949,121
14012,170
14151,171
14025,170
6928,84
10381,125
9560,116
4503,55
5134,63
9328,113
11197,135
1861,22
5664,69
12161,148
235,2
1813,22
144,1
9832,119
8788,107
9679,117
824,104
3326,40
8227,100
7773,94
9161,140
5480,67
2899,35
827,10
6433,78
13219,160
2675,32
3021,36
8457,103
13912,168
5385,66
12752,154
10806,130
1784,12
8969,109
14060,170
560,6
9118,111
7592,92
13697,166
4639,57
3347,41
14329,173
3377,42
11076,133
2794,34
9646,117
13994,169
10883,131
12224,148
4716,57
3345,41
3907,48
7904,96
71,0
7351,89
14326,173
4860,59
2037,24
5025,61
1282,15
3716,45
8703,106
1291,15
13567,164
7744,94
438,5
1085,13
2297,28
11927,144
11807,143
5696,70
4276,52
10192,123
4684,57
6738,83
1389,17
14945,181
6256,76
6009,73
2279,28
7302,89
13560,164
401,4
7039,85
15737,190
6314,77
9622,116
174,2
14014,170
5589,68
12022,145
12240,148
12572,152
983,12
5189,64
12755,154
14962,181
9482,115
12238,148
4827,59
7582,92
12684,153
14381,176
15648,189
8763,107
6482,79
4395,54
12454,151
10603,128
7176,87
1173,45
10236,121
15432,187
14338,77
13696,166
9613,116
16082,194
11786,143
693,8
7703,93
12860,156
8481,103
14006,169
11041,93
12195,147
3484,42
515,6
11291,136
7750,94
3105,37
5013,61
15616,189
3889,4
3402,42
13111,159
14733,178
13330,161
867,10
16144,195
8272,101
10931,132
15380,186
16104,194
13839,167
16180,195
1123,13
4201,51
2426,29
12089,146
11118,134
1181,14
6005,73
7465,91
7987,97
4307,68
15443,187
9290,113
3825,47
7135,87
7820,93
11966,145
14573,176
1140,14
3818,47
14291,77
2183,27
13842,167
1775,21
1723,21
10389,125
8648,105
9586,116
4693,57
12939,157
7197,87
7699,93
15857,192
1612,19
15845,191
10395,125
708,8
13597,165
10193,123
5177,70
1111,13
15348,186
11238,136
11495,139
13634,165
5437,66
5382,66
9178,111
14099,170
4329,53
13048,158
12211,148
13187,160
7221,88
949,19
12112,146
7624,93
13468,163
5511,67
1058,13
925,11
5799,71
3509,43
13776,167
16086,194
606,8
1029,12
6267,76
1820,22
16163,195
11891,144
1639,20
106,1
15202,184
9503,115
4589,56
4529,55
874,10
12837,155
12716,154
9728,118
4821,59
14102,171
1571,19
7186,87
1869,22
961,12
1501,18
5140,70
6340,77
1845,22
3678,45
8248,100
5410,71
4995,61
11821,143
846,10
8379,102
8027,97
2634,32
6182,75
5803,71
14238,172
6821,83
14588,177
14091,170
4893,60
12888,156
3441,42
2667,32
12565,152
14396,174
10299,124
9617,116
10140,122
11164,135
3301,40
5927,72
6218,76
3196,39
9635,117
15123,183
1086,13
12742,154
14706,179
1749,21
9438,114
9719,70
458,5
7254,88
10700,129
2139,27
3726,45
12050,146
13338,162
16087,194
12804,155
1114,18
14086,170
11703,142
15658,189
11172,135
11292,136
775,9
6086,74
4654,57
12163,147
11221,136
7326,89
7826,95
826,10
9783,119
7574,92
12487,151
13457,163
4839,59
8159,99
6118,75
8009,100
10636,128
10728,129
12046,146
15295,185
1905,23
16134,195
1671,20
8718,106
2061,25
2912,35
6710,82
10460,126
6239,76
15012,182
4361,53
7995,97
614,8
13443,163
10672,128
9310,113
15942,193
11542,100
3097,37
5934,73
5455,67
12218,148
6036,74
12750,154
6245,76
8793,107
3626,44
4800,58
14908,180
14946,181
326,4
5737,118
6181,75
2144,26
13311,161
10882,131
8914,108
14739,178
6953,84
15008,181
13747,166
11666,141
581,7
8389,102
15066,182
6467,79
3750,46
5341,65
8665,105
710,8
11137,187
9699,117
14699,178
8352,103
15767,191
9738,118
10892,131
6952,84
6792,83
7438,90
6922,84
1320,15
2433,29
3029,37
8994,109
14273,172
2253,27
15962,193
12924,156
10048,118
3202,39
9402,114
13934,169
6573,80
6387,78
5964,73
13120,159
6153,75
286,3
8236,100
3293,40
6039,74
1559,19
8985,109
12970,157
13065,159
3169,38
9110,111
4741,58
6099,74
12030,146
10510,126
405,5
2747,33
10402,125
7579,92
11129,134
261,3
6942,84
2522,30
11466,139
13008,158
10230,123
7204,87
13253,161
15909,51
11501,139
3353,41
2448,30
4278,52
15660,189
13360,162
11874,144
1949,23
8171,99
9721,63
15263,185
11399,29
7662,93
715,10
7873,95
13057,158
12039,146
8464,103
10482,126
11007,132
856,10
10995,132
14488,175
297,3
4119,181
6754,82
1724,21
15456,187
3090,37
7463,78
2743,33
8946,109
15412,186
3080,37
3830,47
12194,147
2336,28
7576,92
9846,120
7471,91
9789,119
13620,165
5502,67
10434,125
8131,99
3559,40
12943,157
6486,79
13326,161
8232,100
5622,69
3147,38
551,6
9371,113
176,2
15756,190
14222,172
11660,141
4962,57
12765,154
12309,149
1899,19
9007,109
13082,159
2706,33
1606,19
11469,139
14465,176
10345,123
12949,40
13236,160
51,0
9080,110
9547,116
7287,88
11234,136
15863,192
8575,104
5559,68
11558,140
8933,108
8388,159
15131,183
12776,154
3242,39
14342,173
14998,181
16112,195
6027,74
14713,178
10704,129
765,9
12257,148
6012,73
13357,162
10974,132
14866,180
2980,93
11056,133
3437,42
15588,189
8800,107
10985,177
14889,180
12468,151
3775,46
12789,155
15934,193
4407,55
3756,3
11972,145
12662,153
1272,15
14090,170
498,6
14516,176
5478,67
541,6
7997,97
5068,62
6665,81
12876,156
1119,13
10780,130
12031,146
6525,79
14253,172
9195,149
8370,102
3848,47
9238,112
2285,96
7173,87
2906,35
2909,30
15600,189
9059,110
4513,55
14457,176
119,1
1417,16
9799,119
14413,174
2568,31
13099,159
7961,95
13810,167
3171,38
15436,187
2637,32
1867,22
10242,123
2831,34
2644,32
3583,44
14425,176
13464,163
14626,177
2212,27
6667,81
15824,191
13339,162
5487,67
6127,75
6285,77
13068,159
13435,163
15199,184
9215,112
3187,155
9992,121
1170,14
4385,54
6431,78
15752,190
7479,91
3871,47
7537,91
15798,191
5789,71
11045,133
2395,29
3356,41
11992,145
5978,73
11249,136
15959,193
1042,18
12749,154
5704,70
5963,73
10624,128
3915,48
14863,183
15241,184
13094,159
9362,113
2578,31
15996,193
1508,18
2933,35
11157,134
320,3
11853,144
4597,56
12338,149
15834,191
12721,154
12376,150
5870,72
4994,61
15117,183
15683,190
7024,85
12067,146
4037,49
16075,194
1283,15
13440,163
738,8
15943,193
10254,124
11878,144
13059,159
8873,108
15201,184
5129,62
1083,13
8474,103
4383,53
12552,152
8518,104
13223,160
14206,172
7346,89
4856,59
9454,114
1190,51
14129,171
14660,177
1420,17
3389,41
13275,161
13813,167
14934,181
13178,160
6354,78
10567,127
8639,105
7953,96
10013,121
335,4
10298,123
7557,92
12300,149
12647,153
13865,168
3160,38
1958,23
6057,74
2377,91
4277,52
6919,84
11419,138
1725,21
9686,117
2422,29
10340,124
2674,48
9234,112
5343,65
8971,109
15101,183
6867,83
13074,159
5852,72
13482,163
5911,72
2072,25
9821,119
8559,104
15965,193
1484,24
4905,60
15712,190
2459,30
7063,86
1116,13
6134,75
10095,63
686,9
7128,85
15794,191
14048,170
6418,78
10161,122
4608,56
8043,97
9211,112
6164,75
7810,95
4798,58
10000,121
2025,18
1161,14
7345,89
6618,80
2454,30
15550,188
3936,48
10088,118
5094,62
8015,97
6604,80
6916,84
10151,122
13297,161
2124,27
14172,155
12123,147
10415,125
15214,184
5230,64
5202,64
12563,152
10152,122
14013,170
5283,54
6998,85
14813,179
13639,165
7593,92
6030,68
1038,12
6262,76
5646,69
2089,29
8949,109
10843,131
15703,190
15639,189
6696,81
13785,167
3154,38
10435,125
16165,195
12167,148
10886,131
13408,161
5994,73
12883,156
1201,14
2204,26
11582,140
11272,136
6024,74
6778,83
776,9
3376,41
8693,106
8905,108
15582,188
2489,30
986,12
16132,195
6233,76
10906,131
12036,146
1864,22
10369,125
10580,127
15565,188
8614,105
2086,25
2209,27
9381,114
15547,188
1837,22
8611,105
8510,104
11343,137
12095,146
2924,35
11937,144
8822,107
2278,28
6454,79
13589,165
12043,144
8623,105
8595,105
5147,63
3836,47
2785,33
6549,80
7397,90
14357,174
8416,102
12798,155
3228,39
7342,89
550,187
12898,156
7145,87
7541,95
6974,85
3903,48
11889,144
13657,165
293,3
6572,80
9288,113
11893,144
1703,20
12172,147
10331,124
11349,137
12479,150
15927,192
83,0
15508,188
4030,49
8697,106
13296,161
5891,60
9335,113
9716,118
3189,39
12179,147
14849,180
15428,187
115,1
10768,130
12280,148
7066,85
12657,153
11028,133
4748,106
3134,38
7423,90
3077,37
13054,158
1743,19
6536,80
4320,53
3039,37
3139,38
8563,104
7994,97
13478,163
484,5
9562,116
7768,94
13386,162
2654,147
15197,184
2152,37
15314,185
10086,118
4064,50
14735,178
12418,150
5790,20
5794,71
13222,160
2757,33
2436,29
6626,81
9484,115
10329,124
22,0
7045,85
2901,7
634,7
7654,93
9963,121
14803,179
3025,36
10328,124
9213,113
10950,132
7452,90
1252,15
3768,46
2684,32
13711,166
4455,54
15043,182
14269,172
10606,128
1091,13
4342,53
13395,162
15169,183
962,12
16018,193
11680,142
11103,134
7319,89
11186,135
11897,144
12474,151
8114,99
10770,130
15405,186
13445,25
2272,27
6628,81
7980,127
12048,146
3309,40
6602,80
4298,52
13132,102
12545,152
11256,172
9858,119
16064,194
5751,71
2460,30
5100,62
8573,104
13258,161
10980,132
11859,144
7183,87
5077,62
11274,136
12641,153
14491,175
8288,104
12351,149
4736,92
7508,91
2405,29
14084,92
8268,101
1430,17
4642,57
15396,186
2020,18
11465,139
6656,81
10650,128
7673,93
13571,164
5309,65
6059,74
13533,164
8980,43
1129,14
11058,133
2000,24
14670,178
14700,178
12786,155
2171,26
13243,161
14711,179
7106,86
1611,19
2012,24
9011,109
15474,187
12388,150
11341,137
114,1
9786,119
13978,169
13637,165
13159,160
13207,160
8635,105
1539,18
7228,88
9271,112
6202,76
5083,62
10749,129
11532,139
8753,39
14041,170
5162,118
5830,71
15511,188
13092,159
11884,144
10689,129
10596,128
10168,122
11283,136
11854,144
6137,75
5931,53
453,5
10195,123
14598,177
8604,105
8384,102
9585,116
16088,194
16010,193
9769,118
6715,83
4234,52
6101,68
11232,136
3463,42
5538,68
8471,103
10382,125
12511,151
4870,59
4098,50
9901,120
9131,111
3810,47
10341,123
3844,47
5669,69
8461,102
10228,123
13904,168
13283,161
4833,59
6106,75
5735,70
13140,10
10564,127
12248,148
4213,51
8631,105
9677,117
4729,58
1171,14
15417,187
15714,190
15051,182
11162,4
13067,159
93,1
14184,171
908,11
12547,152
9768,118
5534,74
2179,26
12272,148
4315,53
6599,112
9602,116
1486,18
4581,56
12636,153
9499,115
7482,96
6184,75
9863,120
4438,54
15552,188
14663,177
12127,147
5400,66
410,170
7061,86
8725,106
9395,114
652,7
11649,141
6558,80
433,5
6791,83
2545,31
980,12
14837,179
11391,138
13871,168
7262,88
2783,33
6265,76
4399,54
2233,27
6655,81
1204,14
14715,178
10194,123
774,7
12277,148
13565,164
6594,80
130,6
400,2
1276,15
2670,32
5550,68
8895,108
8417,102
7854,95
10409,125
4876,59
11989,145
15612,189
6520,79
3767,46
10635,128
2214,27
14383,174
6270,76
2754,33
14989,181
12808,155
3485,42
15685,190
923,11
8357,102
8203,100
5827,71
2248,27
10914,131
6261,76
1428,17
1512,13
10019,121
6022,74
6306,77
3262,40
8386,102
5905,72
10421,125
11185,135
2081,25
3611,45
14896,180
12079,146
7811,95
11963,145
1579,19
15316,185
6686,81
6013,53
10939,132
15178,184
6,0
14990,181
7937,54
5414,66
13752,166
1566,19
15876,192
5760,71
3783,46
2244,27
258,3
5906,72
9740,118
7567,92
8411,102
1590,19
10405,125
9574,116
12930,157
14224,172
7801,95
13638,165
9967,121
15056,182
5744,118
7769,94
4526,55
12081,146
9295,113
7483,91
13642,165
412,5
12024,146
8325,101
4322,53
6389,78
14900,180
9886,120
9581,116
689,8
620,7
3193,39
14748,111
6211,76
6877,84
11455,138
8182,100
1538,18
4349,53
9526,115
3112,38
4896,60
3076,37
11887,144
14202,172
10912,131
4454,54
9000,109
5022,61
8283,101
13751,166
15476,180
5378,66
2481,71
10662,128
7836,95
15525,188
2726,33
10001,121
7868,95
5637,69
3784,46
10670,128
8974,109
13379,162
15793,191
14412,174
13653,165
460,5
13382,162
6762,82
5531,68
11785,143
12603,152
13654,165
15515,188
407,5
1687,20
14804,179
15127,183
8466,103
12317,149
13856,168
2893,26
1765,12
12166,147
4867,59
1393,16
5030,61
13249,163
7864,95
2200,27
7134,86
12183,147
10384,125
8752,106
7918,96
4069,50
16118,195
7723,94
11331,137
11345,137
9904,158
8467,103
2463,30
8123,99
10614,128
1007,12
1141,14
14719,178
10955,132
7830,95
13288,161
5670,69
5568,68
13485,163
10773,130
1120,18
1082,32
7370,86
5795,71
14182,71
13324,161
3132,38
7528,91
12663,153
52,0
13699,166
654,8
2164,26
10964,132
15716,190
5113,62
12126,147
2970,36
6907,84
6510,79
11552,140
8799,107
11839,143
5421,186
11279,136
6076,74
10570,127
4680,132
1570,19
11233,136
5255,64
2388,29
3728,45
5889,29
1584,19
9737,118
794,9
10907,169
1858,155
9797,61
15759,190
14261,172
10313,124
11253,136
10663,127
5504,67
3978,49
3153,38
6731,82
3681,45
2060,25
11617,141
14214,172
11954,145
1162,14
12000,145
4551,55
4285,52
7227,88
12090,146
2918,35
5171,118
5893,72
14818,179
7047,86
9148,92
5645,69
11442,138
12892,156
6652,81
7004,85
3230,39
6180,75
12668,153
10592,127
934,23
5172,70
14289,173
237,2
2368,29
14974,166
5734,70
6740,82
15908,192
13156,160
3013,36
109,1
12829,155
3561,43
2141,26
4016,49
5883,72
15235,184
10133,122
12391,150
4797,58
14959,62
14058,170
11815,143
10608,128
12222,148
3361,41
9958,121
929,11
1350,15
15718,190
9864,120
12969,0
4728,58
492,5
14062,95
7497,91
3659,45
5265,64
6241,76
9709,118
15102,183
13548,164
8846,107
6291,77
2211,27
2773,33
8486,103
2758,33
10685,129
12528,149
4116,50
1331,16
4323,53
12707,154
6861,83
6783,83
9492,115
2099,25
14857,180
16168,195
11119,134
4096,50
7906,96
9049,110
8870,108
15745,190
8783,107
6820,82
15458,187
9993,121
7916,96
4634,57
9065,110
14767,179
7722,94
13503,164
11085,134
4636,57
8927,108
5051,62
10026,121
11575,140
1684,22
1665,20
10630,128
13792,167
329,4
5169,118
8224,100
505,6
1870,22
13732,166
7878,95
15952,193
7117,86
15790,191
8390,102
213,2
14096,170
10172,122
3646,54
8957,109
15846,132
2822,34
9429,114
1999,24
12850,155
3050,37
7058,86
3860,47
12057,146
11964,145
14541,176
13672,166
11310,137
9826,119
7714,94
15216,184
1779,21
2057,25
1052,18
13809,167
12209,148
4068,50
10611,128
250,3
9988,121
7369,89
902,11
11264,136
2420,29
291,3
15140,166
3694,44
3428,42
6814,83
2627,32
3227,39
12802,155
9977,121
6269,76
9891,120
11400,138
1883,143
14935,181
1752,21
15158,183
15730,190
13976,169
8012,97
12483,151
1884,22
3699,44
9241,112
2079,25
2861,34
2068,25
15499,187
10681,129
10856,131
4390,56
4534,55
12885,156
3597,44
4208,51
7618,92
11271,136
1185,14
1757,21
2928,35
1460,17
10933,130
11931,144
10455,126
7858,95
9172,111
13940,169
11035,133
6191,76
8455,103
1449,17
1254,15
37,0
3717,45
9537,115
14723,178
3876,47
4412,54
440,5
9627,117
15784,191
14760,179
1960,23
2409,29
